product_id,merchant_id,name,preferred,mall,avg_rating,total_rating,total_sold,price,qty_avail,fav_count,description,img_src
caae034c-ba60-4103-820f-78a880f809b9,c4a90064-73ca-4af1-8487-28051a53cc3a,üá∏üá¨ Enrichreal üî•10.10üî• Xiaomi Mi Compact Wireless Bluetooth Speaker 2 Portable Global Version with Warranty-White,1,0,4.9,254,928,$16.20,147 pieces available,Favorite (378),"üî∞ FREE 1 month Local Seller Warranty 
 üì¢ Technical Details: üü° Brand: Xiaomi Mi Compact Bluetooth Speaker 2 üü° Model: MDZ-28-DI üü° Model Name: Compact üü° Item Weight: 54.4 g üü° Product Dimensions: 5 x 5 x 3.2 cm üü° Batteries: 1 Lithium ion batteries required. (included) üü° Item model number: MDZ-28-DI üü° Speaker Connectivity: Bluetooth üü° Wattage: 2 Watts üü° Battery Average Life: 6 Hours üü° Battery Cell Composition: Lithium Ion 
 ‚úÖ Batteries Included ‚úÖ Batteries Required  ‚ùå Cable no included 
 WHAT'S IN THE BOX üì¶ Bluetooth Speaker üì¶ Hand Strap üì¶ User Manual",https://down-sg.img.susercontent.com/file/2d27827d2cd975d2dfb2f6b08724c156_tn
8399988c-0265-4fb1-8854-1811f5433a59,186c4ec9-911f-4bec-99bf-fed98149c2ca,Panasonic SC-PM250 Home Audio System,1,0,4.9,106,183,$130.00,57 pieces available,Favorite (191),"Built-in clock, timer, sleep timer,
Functions:FM Radio, CD / MP3 player, digital player, Bluetooth Streaming, Supported Digital Audio Standards:MP3, Media Content Source:CD, Network,
USB-host, Equalizer:Yes, Media Type:CD-RW, CD-R, CD-DA, Sound Output Mode:Stereo, Built-in Display:LCD, Sound Effects:D-Bass, XBS,
Connector Type:1 x USB 2.0 ( 4 PIN USB Type A ), Equaliser Factory Presets:Clear, Soft, Heavy, Vocal, Flat, Included Accessories:Remote control,
Connectivity Interfaces:Bluetooth",
bc0c47f7-b0bd-4cd4-8e04-5d86874f8684,81be85de-ed96-42dc-a044-84dfc5b1d9c2,(Same Day Delivery 9 to 13 Oct) Harman Kardon SoundSticks 4 Bluetooth Speaker,1,0,4.9,18,35,$359.00,57 pieces available,Favorite (47),"
 ‚Ä¢ Harmon Kardon SoundSticks 4 makes a statement in any room of the house. It includes two satellite speakers and a dome-shaped subwoofer that looks stunning with an inner rippled surface design to reflect the beauty of music. ‚Ä¢ The outstanding dome subwoofer delivers continuous deep bass. In addition, each of the two satellite speakers has four drivers for room-filling, clear, vivid sound. ‚Ä¢ To enjoy the room-filling sound, stream music wirelessly over Bluetooth. ‚Ä¢ With exceptional sound quality and stunning transparent materials, you can bring harmony into your home area. ‚Ä¢ 1 Year Local Warranty 
 WHAT'S IN THE BOX ‚Ä¢ 1 x SoundSticks 4 ‚Ä¢ 1 x Power cable ‚Ä¢ 1 x Quick start guide ‚Ä¢ 1 x Safety sheet ‚Ä¢ 1 x Warranty card 
 SOUND ‚Ä¢ Transducers - 1.4‚Äù full range x 8, 5.25‚Äù subwoofer x 1 ‚Ä¢ Signal-to-Noise Ratio - 80dB 
 DIMENSIONS/WEIGHT ‚Ä¢ Woofer Dimensions Height - 276 mm Width - 231 mm Depth - 231 mm ‚Ä¢ Satellite Dimensions Height - 271 mm Width - 84 mm Depth - 84 mm ‚Ä¢ Weight Weight - 4432 g 
 CONNECTIVITY ‚Ä¢ Bluetooth Version - Bluetooth 4.2 ‚Ä¢ Bluetooth Profile - A2DP 1.3, AVRCP 1.6T ‚Ä¢ Bluetooth¬Æ Transmitter Power - 0 - 9 dBm ‚Ä¢ Bluetooth¬Æ Transmitter Modulation - GFSK, œÄ/4 DQPSK, 8DPSK 
 INPUTS AND OUTPUTS ‚Ä¢ Output Power - 140 W RMS ‚Ä¢ Rated Output Power - 140 W RMS ‚Ä¢ Power Input - 24V/3.7A 
 WATERPROOF RATING ‚Ä¢ No 
",https://down-sg.img.susercontent.com/file/sg-11134207-7rbll-lmk5r115672y1c_tn
ea1fd32f-98f3-497e-9270-0d1198eda057,5cda6e39-4f9a-4162-9008-3c4f488a9472,HXR Amoi FM Radio portable CD player  mini fm cassette‰∏®Light-Weight,1,0,4.8,670,1.6k,$10.90 - $13.90,57 pieces available,Favorite (465),"W505 RADIO BRAND:YUNTING MATERIAL:PLASTIC OUTPUT POWER:3W INPUT VOLATAGE:3W CHANNEL:2.1 PROJECTOR SIZE:123MM*32MM*67MM WEIGHT:128G ‚ù£‚ù£‚ù£Welcome to our shop‚ù£‚ù£‚ù£ If you have any questions, you can talk and ask questions~We will do your best to serve~~‚ù£‚ù£‚ù£ „ÄêW505 Full Function Card Radio„Äë ‚ñ∫‚ñ∫ Product Description: „ÉªTwo-tone Dual Voice Coil Speaker Ensure sound without distortion,do not have burst sound „Éª1500mAh Battery Strong and durable life „ÉªTF Card+FM Revisit the classical life anytime,anywhere „ÉªHeadphone Output Easy to use „Éª1 Cable 3 Function Charging,downloadingÔºåcomputer speaker „ÉªTorchlight Function 
  Able to use in dark night „ÉªBreakpint Memory Power failure or shutdown,after it restart and can continue playing at the origin,for continious playing „Éª1 Key Download Function Insert the TF card,connect to the computerÔºåpress on the download button,it will prompt out hard disk,copy and paste the  track selected from the computer to the hard disk „ÉªScreen Display English and Chinese ‚ñ∫‚ñ∫ Specification : „ÉªProduct NameÔºöDigital Audio Player‚ÄîW505 „ÉªBrandÔºöYUETING „ÉªSizeÔºö123*32*67ÔºàmmÔºâ „ÉªMaterialÔºöPlastic „ÉªOutput PowerÔºöDV5V-500mah „ÉªChannelÔºö2.1 „ÉªFeatureÔºöRadio+MP3 player „ÉªDevice WeightÔºö128gÔºàNot including batteryÔºâ 
 „ÄêM16‚ÄîThe elderly Radio„Äë ‚ñ∫‚ñ∫ Product Description: „ÉªTF Card+FM Revisit the classical life anytime,anywhere „ÉªHeadphone Output Easy to use „Éª2000mAh Large Capacity Lithium Battery Standby 100 hours  ‚ñ∫‚ñ∫ Specification : „ÉªProduct NameÔºöDigital Audio Player‚ÄîM16 „ÉªBrandÔºöAmoi „ÉªSizeÔºö98*64*33ÔºàmmÔºâ „ÉªChangingÔºöDC5V „ÉªBatteryÔºö2000mAh",
b83f443b-83fa-45fb-92b3-ee3b4f55b0fb,79d38a50-d156-4f64-9639-448d57bb4c46,EKOL 2023 New Tech Alarm Clock Desk Lamp with 15W Fast Wireless Charger and Bluetooth Speaker ‚ô• App Control Enable ‚ô•,1,0,5.0,2,4,$99.90,57 pieces available,Favorite (49),"EKOL 2023 New Tech Alarm Clock Desk Lamp with 15W Fast Wireless Charger and Bluetooth Speaker ‚ô• App Control  
 Model Number: EKOL-NT63 
 Output : 9V/1.67A, 5V/2A, 12V/2.5A, 5W/7.5W/10W/15W Wireless Output Power: 5W, 3W, 15W, 7.5W, 10W Input : 9V/1.67A, 5V/2A Multi-function integrated: 15W Fast Wireless Charger with speaker light and clock Features: Multi-function Wireless Charging, Bluetooth Speaker, Alarm Clock, App Control, Multi-Colour Lamp 
 Size : 225mm*82mm*230mm Light Mode: 256 colours Material: ABS+PC Compatibility : All Smart Phones that has Wireless Charging Function 
 Comes with Power Adapter 
 # wireless charger with speaker light and clock  #Fast 15W Wireless Charger # Alarm Clock #Bluetooth Speaker #App Control 
 
 
 
 
 
 
 
 
 
 
 
 
 
 
 
 
 
",https://down-sg.img.susercontent.com/file/sg-11134207-7qveb-lfnump4i036581_tn
f30af5f2-5008-4fcd-84d8-7caa8a45db9e,759149ef-cca0-4dea-9c60-fb9871ebefce,Pffee Bluetooth 5.1 Portable Wireless LED Speaker Box With Microphone Support 3.5mm AUX TF Card Audio Player Music,1,0,4.8,81,213,$5.98 - $11.99,57 pieces available,Favorite (151),"‚ù§‚ù§‚ù§„ÄêFeatures:„Äë 1. Size: 8cm x 6cm 2. Bluetooth 5.1 3. Support protocols A2DP, AVRCP, HFP, HSP 4. Support Wireless, TF card, AUX mode play 5. Charging voltage DC 5V, charging time: about 2 hours 6. Call/music time: about 8 hours 7. Battery: 800mAh 
 „ÄêüòäHelp / Return„Äë Within 7 days if incorrect, damaged or defective 1. Communication is the best way to solve any problems before you leave a unhelpful feedback 1-3 stars.we respect each other.  2. Any problems, you can tell us at first. we can help you to solve the problems and correct the mistakes.  3. We do apologize if anything makes you unhappy.  4. We provide quality products / low price/ best services. we hope buyers like our products.  5. We guarantee we will 100% solve any problems for customers before you leave unhelpful feedback 1-3 stars.",
56820c9a-c6ec-4221-b7d4-841a012bc49b,a4456c45-447b-4172-ad49-39f8e8f40d9b,RB-C7 Portable Wireless Stereo Bass Bluetooth Speaker Colorful LED Light Sound Box,1,0,4.9,88,215,$9.93 - $17.65,57 pieces available,Favorite (145),"Specifications: The romantic light can create a cheerful feeling for family entertainment. This stereo Bluetooth speaker can deliver exceptional sound quality for your cellphone, tablet or PC. The product has the function of TWS interconnection, which can connect the same two products to form left and right stereo sound. 
 Item Name: Bluetooth Speaker Material: ABS Bluetooth Version: 5.0 Transmission Distance: about 10 Meters Wireless Interconnection: TWS in Series Card Playback: TF Card Playback (Not Included) Lighting Effect: Colorful Rhythm Flash Light Input: 5V/2A Updated Version: Battery Capacity: 3.7V, 1000mAh (Included) Playback Time: about 12 Hours Bass Effect: 6D Surround Heavy Bass Output Power: 5W Standard Version: Battery Capacity: 3.7V, 600mAh (Included) Playback Time: about 8 Hours Bass Effect: Shocking Heavy Bass Output Power: 3W Features: Rechargeable, LED Light, Bass Size: Diameter: 60mm/2.36"", Height: 99mm/3.90"" (Approx.) 
 Notes: Due to the light and screen setting difference, the item's color may be slightly different from the pictures. Please allow slight dimension difference due to different manual measurement. 
 Package Includes: 1 x Bluetooth Speaker 1 x Charging Cable 1 x User Manual",https://down-sg.img.susercontent.com/file/0b330101d824f42a01cdd6f8cc244f88_tn
bfdbeab3-3a13-4dfb-bae1-1fc39ab892c0,134a8695-af8d-4c3a-928a-ef8e444c1d64,Marshall Willen Bluetooth 5.1 Wireless Speaker 15 Hours Playtime Portable Outdoor Waterproof Speaker,1,0,5.0,9,19,$33.80,57 pieces available,Favorite (28),"Product Description: 
 TAKE MARSHALL SOUND WITH YOU, EVERYWHERE: Willen is the mighty portable speaker that is made to go everywhere with you 
 DESIGN THAT SHAKES OFF THE ELEMENTS: Willen comes with a top-of-class IP67 dust- and water-resistance rating so it‚Äôs always ready for the road 
 PLAYTIME THAT WON‚ÄôT LET YOU DOWN: Ready to roll whenever you are with a hefty 15+ hours of portable playtime on a single charge 
 ATTACH WILLEN ANYWHERE WITH THE STRAP: The ultimate multi-purpose speaker with its flexible positioning and mounting strap 
 PAIR, PLAY AND BRING THE LOUD: The shortest distance between you and your music is Willen ‚Äì just pair and play without any complicated set-up 
 BUILT-IN MICROPHONE: Make sure your voice is heard with Willen‚Äôs built-in microphone. Answer and reject calls using the front-mounted control knob and enjoy some hands-free chat 
 Product Specifications: 
 -Bluetooth 5.1 -Frequency response: 100 to 20,000 Hz 
 -2 full-range speaker and two passive elements 
 -10W Class D amplifier 
 -USB-C port for charging 
 -IP67 
 Package include: 
 1* Marshall Willen Speaker 
",
687282c4-a460-4c4a-a991-939ac8ea327d,2b53fa8f-0125-4ec3-9da2-90edc1b911de,Astronaut Spaceman Bluetooth Speaker Birthday Gift Cool Remote Control Computer Audio Subwoofer Ornament LED Night Light,1,0,5.0,2,4,$22.90,26 pieces available,Favorite (25),"Bluetooth 5.0 and TF card playing] the wireless Bluetooth speaker can be paired with Bluetooth devices such as smart phones, tablets and laptops through the Bluetooth 5.0 scheme with stable signal. It is fully compatible with Android, IOS, windows and other platforms, and can also insert a TF card to play music. 
 [true 360 ¬∞ stereo and amazing bass] full bass stereo - the speaker provides immersive sound, rich bass, rich midrange and treble, and dynamic sound. Even at the maximum volume, it is the same as the live concert performance. 
 
 
 [Portable long life] the Bluetooth speaker is small and cute. It is designed as a portable speaker. 1200 Ma battery, safer life. Then use the USB charging cable to fully charge in only 2.5 hours to meet your daily audio needs in various scenes. Enjoy your music all day. The simple button design allows you to easily operate your speakers and provide your family with the best companion gifts. 
 
 
 A wonderful gift for any astronaut enthusiast. 
 Age range description: All age group",
3a9b10be-4654-4cfb-8ba4-c801ea77f559,cdfe7d90-5f5a-4217-95be-97bcad975775,Mini Bluetooth Speaker Wireless Stereo Sound Portable Subwoofer Outdoor Sound Music Player,1,0,4.6,97,302,$6.70,26 pieces available,Favorite (164),"Mini Bluetooth Speaker Wireless Stereo Sound Portable Subwoofer Outdoor Sound Music Player Mini audio small size easy to carry, wireless Bluetooth connection is convenient to use everywhere, stereo sound quality to bring you a better music experience! 
 SpecificationsÔºö Material: metal Crossover: Full-range Waterproof: No Communication: AUX Type: Subwoofer Number of channels: 1 Input power (watt): 25W Codec: AAC Control : Volume control Bluetooth version : 5.0 
 Specifications Ôºö Size : 34mmx30mm Color : Red, Gold, Black, Silver, Blue Playback time : 2-3h Material: metal + ABS 
 PackingÔºö 1* charging cable 1* Mini Speaker 
 „ÄêNote„Äë -Please be careful when placing an order, cancellations will not be accepted after 12h, as we have already started to prepare the goods after placing an order, please respect the work and efforts of others - Ships within 1-24 hours; We use Shopee official logistics, the fastest shipping time is 5-15 days. -If you have any questions, please feel free to contact us: Customer service response time is 9:00~21:00, if there are any questions please wait patiently for a reply ~ - Due to different shooting angles and luminosity positions, there may be slight color difference between the picture and the real object, please refer to the actual object. -We are overseas sellers. In order to give you the best shopping experience, products ordered on the same day are basically shipped on the same day. [In case of individual out of stock, we will notify you as soon as possible, please rest assured to place an order] -If you are satisfied with our service after completing the transaction, we sincerely hope you will give us a 5-star rating! 
",
fbd4c726-4d8e-4c90-b116-a8e6a9b7858d,79a1a2c7-be82-4fbf-be99-572e67c95880,Divoom Ditoo Pro - Pixels Bluetooth Speaker w/enhanced bass | 1 Year Warranty,1,0,5.0,264,759,$107.10 - $119.00,26 pieces available,Favorite (1.2k),"
 
 Meet Divoom Ditoo Series - Ditoo Pro  
 It‚Äôs the most visually pleasing, funnest and feature-packed little speaker you can get. The keys on this model are unique in that it uses backlit mechanical keyswitches on mini keyboard and the bright colors on the 16 x 16 pixel ""monitor"" which adds to the theme of a small retro computer. 
 ‚Ä¢ Smile Maker So adsorbs and fun to play with. This little gadget helps to brighten your mood when you are stuck at home. You can use the Bluetooth capabilities to stream your Spotify music through and it actually sounds really good! Also great for a online yoga class on Zoom to better hear your yogi instructor. 
 ‚Ä¢ Pixel Art Customization  This is a lovely alarm clock that can be customized to whatever pixel art you like on the screen. Play with this and gets hours of fun creating different pixel images and then sharing them with your friends who also has one abroad. There are lots of set images or you can choose to create your own image either with or without text. 
 ‚Ä¢ Easy-to-use APP iOS/Android phone and tablet compatible. The app is easy to download with the QR code and it is easy to navigate when on it. You can change all the settings via the app and add your custom pixel art or download ones by other users. 
 ‚Ä¢ Great Gift Idea  It is a great little thing to have on your desk, and the multitude of animations and other art available to put on its limitless. The sound quality is great, and so is the battery life. It even comes in a little gift bag, and that would make a great Christmas /birthday gift for someone who likes old computers or retro gaming.",https://down-sg.img.susercontent.com/file/sg-11134207-7rbk0-lkqh0yt6bzhi98_tn
2b13bb4b-67b0-43b5-a57f-b773f789691d,3503ff48-803a-4732-81eb-77c7396c5eb4,Vocoal Bluetooth Speaker Portable Speaker AI Smart Wireless Speaker Wireless Bluetooth Portable Mini Audio Voice Control Stereo Music Speaker,1,0,4.5,40,86,$19.99,36 pieces available,Favorite (57),"üåπ Vocoal Singapore Flagship Store:
‚úÖ Brand: Vocoal
‚úÖ 100% Stock Ready, Ship in 24 Hours
‚úÖ Ship from Singapore, 2~5 Days Delivered
‚úÖ 3 Months Local Supplier Warranty
‚úÖ Vocoal‚òú ‚òú Click Store Link to Have More Products
(Bags, Lights, Sunglasses, Toys etc.)‚ù§‚ù§‚ù§

üíñ Product Description:
‚ñ∫Amazing Bass Performance: Built-in Mage Bass boost system(Premium Version), 50mm large size woofer for a wider range of sound fields, powerful sound quality.
‚ñ∫HiFi Original Sound: Lossless sound quality, clear and full sound, like being in a singer singing live, pluck your heartstrings.
‚ñ∫Hands Free: HD hands-free calling,Smart noise-canceling microphone, no lag, no jams,clear and real, free your hands.
‚ñ∫TF Card Plug: Support MP3 music format playback, built-in lossless decoding chip,support <33G memory card card playback.
‚ñ∫Lasting Battery Life: Basic Version:Built-in 1200mah battery that lasts up to 10 hours, premium version:Built-in 2000mah battery that lasts up to 16 hours. 
‚ñ∫Easy to Carry: Approximately 180g, can be easily held in the palm of your hand, stylish and compact, easy to travel.
üì¶ Package Include:1 X Bluetooth speaker,  1 X USB Charger, 1 X Instructions ",
5535f819-a850-48a2-ade9-cef130cc3f45,124692be-e5ac-4cfc-bcc6-e767ca20055c,Marshall Emberton Portable Speaker Bluetooth Speaker Wireless IPX7 Waterproof Sports Stereo Sound Outdoor Subwoofer,1,0,4.7,21,78,$89.99,3 pieces available,Favorite (189),"Welcome! „ÄêHOT Selling„Äë „ÄêSG Ready Stock„Äë „ÄêShip out within 24 hours„Äë ‚óè‚óè‚óè‚óè‚óè‚óè‚óè‚óè‚óè‚óè‚óè‚óè‚óè Audio Specifications: ‚Ä¢ FREQUENCY RESPONSE: 60 Hz ‚Äì 20 kHz ‚Ä¢ DRIVER TYPE: Dynamic ‚Ä¢ DRIVERS: Two 2"" 10 W full range Two passive radiators ‚Ä¢ STEREO/MONO: Stereo ‚Ä¢ MAXIMUM SOUND PRESSURE LEVEL: 87 dB SPL @ 1 m ‚Ä¢ CABINET PRINCIPLE: Sealed with passive radiator ‚Ä¢ POWER AMPLIFIERS: Two 10 W Class D amplifiers ‚óè‚óè‚óè‚óè‚óè‚óè‚óè‚óè‚óè‚óè‚óè‚óè‚óè Controls & Connectivity: ‚Ä¢ TOP PANEL CONTROLS:  Multi-directional control-knob: play/pause, skip track, volume control, on/off Bluetooth pairing button Battery indicator ‚Ä¢ BLUETOOTH RANGE: 10 m / 30 ft ‚Ä¢ WIRELESS CONNECTIVITY: Bluetooth 5.0 ‚óè‚óè‚óè‚óè‚óè‚óè‚óè‚óè‚óè‚óè‚óè‚óè‚óè Physical Unit: ‚Ä¢ DIMENSIONS: 68 x 160 x 76 mm 2.68 x 6.30 x 2.99 in ‚Ä¢ WEIGHT: 0.7 kg 24.6 oz ‚Ä¢ WATER RESISTANCE: IPX7 ‚óè‚óè‚óè‚óè‚óè‚óè‚óè‚óè‚óè‚óè‚óè‚óè‚óè - Unique excellent sound quality - Works for more than 10+ hours - Safe design to take anywhere with IPX7 rating. - Control multiple commands in one button. - Convenience to carry - Connect with Bluetooth ‚óè‚óè‚óè‚óè‚óè‚óè‚óè‚óè‚óè‚óè‚óè‚óè‚óè What's in the box? ‚úî Emberton speaker ‚úî User manual with legal and safety information ‚úî USB-C charging cable ‚óè‚óè‚óè‚óè‚óè‚óè‚óè‚óè‚óè‚óè‚óè‚óè‚óè ‚≠ê1. Door to door delivery. ‚≠ê(1) Delivery can be made throughout Singapore. ‚≠ê(2) If you need to change the address, you must operate on the platform before shipping. ‚óè‚óè‚óè‚óè‚óè‚óè‚óè‚óè‚óè‚óè‚óè‚óè‚óè",https://down-sg.img.susercontent.com/file/th-11134201-23030-iovw1rxf28nv82_tn
19d0fd42-6c99-455e-94ba-aae5bb5385ea,c1899ba5-c63e-4729-84bb-06e5cd341f8e,[SG] Charge Mini Portable Wireless Bluetooth Speaker with mic | PC soundbar | Portable | Splashproof,1,0,5.0,2,5,$13.90,7 pieces available,Favorite (9),"Are YOU looking for a wireless speaker that has GREAT bass, EXCELLENT music and a LONG battery life‚ùì

üëáIf so this speaker is perfect for Youüëá


‚ô†Ô∏è‚ô†Ô∏è‚ô†Ô∏è Mini 2+ Wireless speaker ‚ô†Ô∏è‚ô†Ô∏è‚ô†Ô∏è
üî•Cheapest HIGH-QUALITY speakers
üî•Great bass and sound clarity 
üî•More worth than JBL speakers

Features:
+BLUETOOTH: Enjoy smooth wireless music experience
+PREMIUM SOUND: High-quality Speakers and Bass
+LOUD MUSIC: Play music to Any beat at Any volume!
+LONG PLAYTIME: Enjoy the best music for up to 10hrs!  
+PORTABLE: Bring it anywhere with you 
+STRONG BASS: Prime Cinematic sound effects  
+FOR GAMING: Perfect for PC and Mobile gaming
+SURROUND SOUND: 360¬∞ Stereo Surround Sound
+VERSATILE: Stands Vertically and Horizontally!

Specifications:
1. Bluetooth Wireless Connection
2. Rechargeable 6000mAh battery
3. Playtime: 10-12h
4. Dual bass & dual speakers
5. Size: 15.9cm* 6.4cm* 6.4cm
6. Colors: Red/Blue/Black/Cyan
7. In-built microphone to take calls
8. Power: 6W, PMPO: 100W
",
28c8363d-c8eb-4500-80e4-89a7e3baf686,90db15ed-fa67-4813-9901-8b438eefdf46,Giant Headset Speaker Giant Earphone Shape Wireless Bluetooth Speaker Portable Funny Speakers,1,0,4.8,67,253,$12.95,7 pieces available,Favorite (605),"Feature:
1. Four playback modes: TF card playback / Bluetooth playback / U disk playback / 3.5mm AUX line playback,At the same time, it is also a FM radio.
2. Hands-free call has a built-in high-definition call microphone,you can answer the call hands-free.
3. Works with any device that has a standard 3.5mm headphone jack, such as computers/ laptops / smartphones / tablets / mp3 and more.
4. Long-lasting battery life all the way to listen to the use of 1200mAh large-capacity battery cells.
 
Specifications:
Wireless Version: Bluetooth 5.0
Bluetooth transmission distance: within 10m
Color: White, Black, Blue, Green, Pink
Material: Plastic
Speaker Output: 5W 4Œ©
Frequency Resp. : 20Hz-18KHz
SNR: 65dB
Impedance: 4ohm
Built-in Battery: 3.7V 1200mAh
TF U disk Extended storage: 32GB max
Volume playback: 3-5 hours
Charging time: about 2 hours
Battery capacity: 1200mAh battery
Size: 22x10x9cm
Weight: 230g

Package List:
1 x Bluetooth Speaker
1 x Charging cable
1 x Product manual

#speaker #BluetoothSpeaker #WirelessSpeaker #JANZ",
7c188694-05dc-4f80-a905-c368df3abae2,06b845e1-4ecd-4eab-8103-a18ffe1a56d9,Mini Waterproof Bluetooth Bass Speaker Portable outdoor Rechargeable Wireless Speakers Soundbar Subwoofer Loudspeaker For TF FM,1,0,4.3,50,151,$9.82,7 pieces available,Favorite (80),"Occupation: Applicable equipment: bluetooth 2.1 or above cell phones, pad, laptops 1. bluetooth function: Turn the switch to the location with the bluetooth logo, activate bluetooth on the device, click on the connection, you can play it. 2. Wired reproduction Each speaker is equipped with a charging cable that can be used on the phone 3. answer the call After the audio and the bluetooth cell phone match, when the cell phone calls, press the answer button to answer the call. 4. support tf card You can store music on the tf card and play it in the tf card slot. 5. high quality battery We use a polymer battery, which is safe and has a long life. It can be played continuously for 2 hours when the battery is fully charged. 6. Adjustable volume The volume can be adjusted on the phone, or you can press the audio button more or less to increase or decrease the volume. Light press the plus or minus button to select thesong. 
 SpecificationÔºö Product featuresÔºö bluetooth, tf card, fm, usb, aux Bluetooth specificationÔºö Bluetooth4.2 Material:Ôºöabs, rubber Transmission distanceÔºö 10 meters Battery capacity:Ôºö400mah Playing time:Ôºö2-3h SizeÔºö13.5 * 6CM Net weightÔºö180g 
 The package includes: 1 x bluetooth speaker 1 x USB cable 1 x manual",https://down-sg.img.susercontent.com/file/43d0c4c13b65233dd173a4386f8e9351_tn
8d46e41c-b5ab-4c9d-866f-1bcbcd5c6933,9e944e4b-8f52-4b55-899e-746ef24cb316,SONY SRS-XB13 EXTRA BASS Portable Wireless Speaker  wireless bluetooth subwoofer Outdoor mini stereo,1,0,4.7,32,77,$36.18,7 pieces available,Favorite (64),"Compact speaker that expands sound all around The XB13 is durable and portable. It comes with a specially engineered strap to make travelling with it easier. But don't be fooled by its small size, with Extra Bass, Sound Diffusion Processor, this little speaker packs plenty of punch. Enjoy powerful sound with EXTRA BASS A passive radiator works together with a full-range speaker to enhance low-end tones, giving bass a boost Goes wherever you go The durable exterior and multiway strap makes this speaker ready for just about anything. Hang it from your backpack or on your wrist or even from a parasol when you're out in the sun. The downwards-facing speaker will create a waterfall of music that engulfs you in the rhythm. Small speaker, big sound Don't be fooled by its compact shape, this little speaker packs major surround sound. The Sound Diffusion Processor expands sound in any space, with its DSP technology. Take the fun outside Waterproof and dustproof with an IP67 rating, this speaker is just as good outside as it is inside. Take it to the pool, river or park, and you can listen to your music while you and your friends enjoy the sun. Epic party stamina Get up to 16 hours of battery life to keep the party going. A new battery indicator, right on your smartphone, lets you know when it's time for a recharge. Bluetooth Connection and Fast Pair In one tap, the Sony XB13 enables quick effortless Bluetooth pairing with you Android devices. - Package contains: Audio*1 
",
325e903d-0d31-4fad-99a2-0a3a9656df0b,b8b2a45d-a2ff-4c1c-8f33-2b7de45fd882,X2 Colorful LED Light PC Speaker Wired USB Power Computer RGB LED Gaming Speaker PS4 TV Desktop Xbox Laptop Phones,1,0,4.9,406,950,$12.99,109 pieces available,Favorite (488),"üíï„ÄêWelcome to Boughtnex Official Store„Äë 
 ‚ùóÔ∏èLocal Stock, Ships out from Singapore within 24hrs ‚ùóÔ∏è100% Genuine Products ‚ùóÔ∏èLocal Service Centre ‚ùóÔ∏è6 Months Local Warranty (Please leave us a 5 Star Photo Review to receive an additional 3 months Warranty) 
 üôÜService Centre/Collection Point: üôÜ47 Tuas South Link 1, Tuas South Connection Singapore 636794 üôÜMonday-Friday: 9am - 6pm (Closed on Public Holidays) 
 üôÜUrgent Enquiries & Technical Support Monday to Sunday 9am to 6am 
 Colorful LED Light USB Speaker 
 Product Highlights: - Colorful LED Light for visual and aural enjoyment - USB power supply for easy connection - Large diameter full frequency vibration loudspeaker for deep bass, rich mid-range, and clear treble - Rear bass trumpet for high-quality bass - High magnetic speaker for a different listening experience - Compatible with PC, laptop, mobile phone, MP3, MP4, DVD 
 Detailed Product Description: The Colorful LED Light USB Speaker combines stunning visuals with impressive audio quality. With its colorful breathing light, this speaker enhances your listening experience by providing both visual and aural enjoyment. It is powered by USB, making it easy to connect to your devices. 
 Featuring a large diameter full frequency vibration loudspeaker, this speaker delivers deep bass, rich mid-range, and clear treble for a well-rounded sound experience. The rear bass trumpet further enhances the bass, providing high-quality audio output. 
 Equipped with a high magnetic speaker, this USB speaker offers a different listening experience, allowing you to enjoy your favorite music with excellent clarity and detail. It can be easily connected to various devices such as PCs, laptops, mobile phones, MP3 players, MP4 players, and DVD players. 
 Dimensions: 10cm x 6cm x 6cm 
 Variations: Colorful LED Light USB Speaker - Black Colorful LED Light USB Speaker - White 
 Specifications: Brand: Boughtnex Official Store Country of Manufacture: Singapore 
 üì¶Package Includes: 1x Speaker 1 x User manual 1 x USB cable 1x Audio cable",
f3fa9875-2028-4413-8c81-726d6216404a,dd7738a5-f1da-4b63-abb6-fb42c6f8b13c,Lenovo K3 Plus Bluetooth Wireless Speaker Portable RGB Handsfree Speaker For Phone Calls,1,0,4.7,23,36,$14.00 - $27.00,109 pieces available,Favorite (42),"The Lenovo K3 Plus speaker is perfectly engineered to bring high quality acoustic audio and the microphone is tuned for excellent voice call clarity. The latest bluetooth version ensures seamless and instant wireless connections to all bluetooth enabled devices. Connect 2 x K3 Plus speakers together for a True Wireless Stereo experience (TWS) !!! 
 üòÉüòÉüòÉ KEY FEATURES: ‚úÖ Wireless Bluetooth Connection ‚úÖ Bluetooth Version 5.2 (Upgraded) ‚úÖ 360 Surround Sound ‚úÖ 3 RGB Lighting Themes ‚úÖ Supports SD Card Insert ‚úÖ Connect 2 Speakers for TWS Experience (True Stereo HiFi) ‚úÖ Compatible with all devices: iPhone, Samsung, Ipad, Laptop, Macbook, Huawei, etc ‚úÖ Handsfree Conference Telephone Call Supported ‚úÖ Music, calls and videos in Mono ‚úÖ Microphone Built-in ‚úÖ Portable and Light Weight ‚úÖ Silicone Buttons Comfortable Feel with Sensitive Response 
",
382f1c87-5ee0-4143-9841-14f272fa1a6f,1e682721-07e6-43de-b1b1-83d3a18f5903,„ÄêQY Local Mall„ÄëSpeaker Bluetooth Wireless XTREME 3 Portable Outdoor Waterproof Speaker Loudspeaker Deep Bass Sound Music Box Subwoofer,1,0,4.3,15,26,$6.50 - $24.50,109 pieces available,Favorite (49),"ü•≥ All items are ships from SG,We are Local Seller üöö üì¶

üò±All things will be sent in 1-2days,you will get in 3-4 working days üïô

Up to 50% off all products,Limited Time!! Only A Week!!!
=======================================================================================

üî•Our quality is comparable to many major brands, but they are several times more expensive than us. Choosing us can save a lot of money and our performance is better than theirsüî•

=======================================================================================

üî•Specifications

Can connect via Bluetooth, Aux, USB, SD/TF Card, FM Radio

(1) Wireless Bluetooth streaming

Connect your smartphone or tablet to the speakers wirelessly and take turns to play powerful stereo sound.

(2) Solid 5000mAH rechargeable battery

The built-in rechargeable lithium-ion battery can support up to 8 hours of playing time, and the device can be charged through dual USB ports.

(3) Speaker

Thanks to the speakerphone function that eliminates noise and echo, a clear call can be made from the speaker at the touch of a button.

(4) Splashproof

Splash-proof means no longer worry about rain or sprinkling; you can even clean it with tap water. Just don't drown it.

(5) Living materials

Durable fabric material and sturdy rubber shell make your speakers lasting.

(6) Bass radiator

Listen to the bass, feel the bass, appreciate the bass. Dual external passive radiators demonstrate the power of your speakers.

=======================================================================================

Dimensions: 24 cm (length) x 10 cm (width) x 11 cm (height) mini

Weight: 0.67 KG

Support and apply to all USB, memory card, Pendrive, mobile phone, tablet PC and can be used directly from computer

Output power: 2 x 20W



=======================================================================================

üî•What's in the box:
 

1 x Speaker

1 x Micro USB cable

1 x strap



 #Charge2 #Charge3 #COD #Bluetooth #Speaker #BluetoothSpeaker #Mini #Portable #XTREME #EX
Warranty Duration:5 Years
Warranty Type:Supplier Warranty
Audio Crossover:Full Range
Sensitivity Rating:92
Smart Speaker:Yes
Speaker Type:Portable Speakers
Minimum Frequency Response:45
Virtual Assistant:Others
Safety Mark:123
Input Connectivity:Usb
Amplifier Type:Others
Audio Compatibility:Mobile
Bluetooth Function:Yes
Connection Type:Wireless
Maximum Frequency Response:20000",https://down-sg.img.susercontent.com/file/sg-11134207-7qvdg-lk1z8770qteefe_tn
a6122742-4dc2-4049-b0a2-140e878a52cf,a4955dab-6fea-45a4-a38c-bf72437b2637,Wooden Wireless Bluetooth Portable Speaker HiFi Shock Bass Subwoofer Soundbar,1,0,4.8,18,37,$19.90,109 pieces available,Favorite (65),"Function 
 - Portable Bluetooth Speaker, built-in bluetooth 4.2 wireless transmission, working distance up to 10 meters. - Support Hand-free when answer calling (with MIC), receive calls - Compatible with all Bluetooth devices such as smart phones, tablet PCs, iPod - Bluetooth chip, clear sound and perfect quality, powerful bass and can enjoy unfettered stereo music anytime, anywhere when you are out. - Built in Lithium Battery 1500mAh, support rechargeable battery - Support playing MP3 songs stored in the TF card - Support external 3.5mm audio input terminals of all. 
   
 Specification 
 Type: Wooden Bluetooth Speaker Battery Capacity: 1500mAh Frequency range: 90Hz-20KHz Rated Power: 5W*2 SNR: ‚â•60dB Power supply: built-in lithium battery Channel: 2 Playback duration: about 6 hours Bluetooth protocol: 4.2 Loudspeakers: 2 Effective distance: 10 meters Function: Bluetooth,Hi-Fi,AUX,Long Standby Housing material: Wood Supported formats: TF card Case Material: Wood Item Size: 150*85*75mm 
 
 Package List  
 1 x Wooden Bluetooth Speaker 1 x Micro USB Charging Cable 1 x User Manual 1 x Retail box 
",
2c3f92ce-0c21-426b-8da1-01969b7ea875,0b0358b6-256e-4b7b-95c6-f812414e023d,Mini GO 3 Wireless Bluetooth Speaker HIFI Stereo Portable Subwoofer Waterproof,1,0,5.0,1,6,$6.48,109 pieces available,Favorite (4),"Product description. 
 Material: metal Crossover: Full-range Waterproof: No Communication: AUX Type: Subwoofer Number of channels: 1 Voice control: No Input power (watt): 25W Codec: AAC Support Apt-X : No Control : Volume control Bluetooth version : 5.0 Built-in Microphone : No 
 Product Specifications . Size : 34mmx30mm Color : Red, Gold, Black, Silver, Blue Playback time : 2-3h Material: metal + ABS 
 Packing list. 1* charging cable 1* Mini Speaker 
 
",
f9016cd2-b682-4cc7-94df-55d2986b3d3a,82d764aa-79e8-48b6-baba-ef440035abb6,TG505 New Mini Portable Bluetooth Speaker Speaker Outdoor Bicycle Wireless Speaker Mini Speaker Box Speaker FM TF,1,0,4.9,68,155,$14.03,109 pieces available,Favorite (104),"Descriptions:
Working Distance: 10M /32.8ft 
SNR:‚â•90db 
Battery:3.7v 400mah 
Playting Time:about 90 Minutes 
Frequency Response: 120Hz~20K Hz 
Product Size: 25mm*70mm*85mm 
Unite Wight: 200g 
Charging: 5V/500MA 1 hours
 
FeaturesÔºö 
1. Support bluetooth A2DP and AVRCP protocol, can play music through bluetooth connected small stereo, and can control files up/down and volume in music player of mobile phone/tablet PC;
2, with a microphone, bluetooth connection, hands-free answer calls and calls;
3, support playback on U disk and TF card, support hot plug and unplug, no need to switch, automatically read music file playback after inserting TF card /U disk;
4, with radio function, connected with the machine wire as a radio antenna, can easily search the station;
5, 5w power horn, larger sound, with vibration film, drum songs good effect;
6, built-in 400mah lithium battery, 5V charger or USB port charging, easy to carry, charging time: 2 hours

Package:     
1* Manual Instruction
1* USB Charge Cable
1* Bluetooth Speaker
1* Color Box",
e76f5b26-b627-41e9-a2bd-efe5c54549ea,144ac5b9-8634-403c-8121-0aaaedc302fc,Portable Speaker//Column Wireless Bluetooth Speaker Powerful High BoomBox Outdoor Bass HIFI TF FM Radio with LED Light,1,0,4.8,938,2k,$15.80,362 pieces available,Favorite (995),"Portable Speaker Bluetooth Column Wireless Bluetooth Speaker High Power Boom Box Outdoor Bass HIFI TF FM Radio with LED Light 

This speaker gives Clear Sound with a Dynamic Sound effect which is extremely powerful and loud. You can carry it to outdoor family picnics, house parties, cultural events/festivals, outdoor sports sessions. As this is a Bluetooth speaker, it can wirelessly connect to your mobile phones and other Bluetooth enabled devices. The paring process is extremely user friendly and quick. Additionally this speaker also has the extra features of a USB port through which you can play your music by connection a Pen Drive, an Aux in slot to connect various other media devices, A Micro SD Card/TF Card reader to directly plug in your Phone memory cards if required and a FM radio to catch up with tunes on the playing on the air.

Specification:
Model: TG-157
Bluetooth version: 5.0
Transmission date distance: 10 m
Playing time: 3 H (volume will affect the playing time)
Speaker: 5 W * 2
Peak value: 10 W
Soundtrack: 2.0
Frequency range: 2.4 GHZ
Input sensitivity: 400mV
Wireless transmission distance: 10 meters
Signal to noise ratio: 80dB
Playback formats: WAV, MP3, WMA
Maximum TF support: 32G
Operating mode: press
Input voltage: DC 5 V 2A
Type of certificate: CE
Dimension: 178.7 * 72.9 * 72.6mm

Features:
1. Magic speaker system design, amazing dual power
    Built-in low-frequency amplifier design, the mid-low frequency is more powerful, with better sound quality performance;
2. Adopt advanced Bluetooth audio decoding chip
    Support mobile phones, tablets, TVs and other Bluetooth devices to play music in pairs; Bluetooth transmission distance is greater than 10 meters;
3. Support hands-free calling function, built-in high-sensitivity microphone, so that mobile phone calls have an incomparable and enjoyable call enjoyment
4. Support U disk and TF card music playback
    MP3 decoding, support full rate playback of MP3 format;
5. FM automatically searches and stores stations
6. Built-in FM radio module, which can automatically search and store radio stations, saving time and effort;
Support AUX audio input, provide you with computer speaker 
7.service : dropshipping speaker 

Packaging 
1*157 speaker 
1*charge cable 
1*AUX cable",
218631d7-a68e-4505-b6f8-eb2e0b24db6f,d748bd29-ed78-4835-a66e-c00a52271ab4,USB Mini Wired Speaker 2.0 Desktop Laptop Small Speaker Outdoor Small Audio Gift Mobile Phone Box D02L Compact Portable,1,0,4.8,16,59,$9.90,20 pieces available,Favorite (21),"üíï„ÄêWelcome to Boughtnex Official Store„Äë 
 ‚ùóÔ∏èLocal Stock, Ships out from Singapore within 24hrs ‚ùóÔ∏è100% Genuine Products ‚ùóÔ∏èLocal Service Centre ‚ùóÔ∏è6 Months Local Warranty 
 üôÜService Centre/Collection Point: üôÜ47 TUAS SOUTH LINK 1, TUAS SOUTH CONNECTION Singapore 636794 üôÜMonday-Friday: 9am - 6pm (Closed on Public Holidays) üôÜUrgent Enquiries & Technical Support: Monday to Sunday 9am to 6am 
 USB Mini Wired Speaker D02L - Compact Portable Sound Solution 
 Product Highlights: - Includes Exclusive Sound Bytes Paper Bag with Auxiliary input function for Laptops, Computers, and Smartphones. - Stereo power enlarger in the speaker sound box with voice control and LED highlight power light. - 1W*2 power for clear and powerful sound without cracking even at maximum volume. - USB charge for easy portability, making it the best partner for notebooks, PCs, tablets, MP3, and MP4 players. 
 Detailed Product Description: Introducing the USB Mini Wired Speaker D02L, the compact and portable sound solution for your audio needs. This speaker comes with an exclusive Sound Bytes Paper Bag and an auxiliary input function, allowing you to connect it to your Laptops, Computers, and Smartphones for a seamless audio experience. 
 The speaker features a stereo power enlarger in the sound box with voice control and an LED highlight power light. With a powerful 1W*2 output, you can enjoy clear and amplified sound without any distortion or cracking even when the volume is turned to the maximum. 
 The convenience of USB charging makes it easy to carry around, making it the ideal companion for your notebooks, PCs, tablets, MP3 players, and MP4 players. Whether you are on the go or enjoying outdoor activities, this compact speaker ensures you can enjoy your favorite music wherever you are. 
 üì¶Package Includes: 2 X Speaker 1 X User Manual 1 X USB Cable 1 X Audio Cable",
4b084007-d9e8-43a4-9e94-29e9c00d728a,a79cf93c-c5e8-44fe-9513-f847e2e85478,SADA D-205 Newest Full Range 3D Stereo Subwoofer 100% Bass PC Speaker Portable Music DJ USB Computer Speakers for Laptop,1,0,4.7,16,35,$19.90 - $24.90,20 pieces available,Favorite (74),"Model: D-205
MaterialÔºöAB
Output PowerÔºö3W
Power SupplyÔºöDC 5V and USB 5V
Frequency ResponseÔºö25HZ~20kHZ
ChannelÔºö2.1
Support Memory CardÔºöNo
Audio Line LengthÔºö1M / 3.2808Inches
Audio InterfaceÔºö3.5mm
USB Line LengthÔºö1M / 3.2808Inches
Control FormÔºöKnob
Support BluetoothÔºöNo (Standard) , Yes (Elite)
Applicable DeviceÔºöComputer / Notebook /Phone / MP3 / MP
Degree of Separation: >=40dB
Signal to Noise Ratio: >=80dB
Features:
-USB supply power dirctly, easy connection.
-Large diameter full frequency vibration loudspeaker, deep bass, rich midrange and clear treble.
- Rear bass trumpet, bass thick, to bring you high-quality bass.
- High magnetic speaker, give you a different listening experience.
-Can connect PC, laptop, mobile phone, MP3, MP4 , DVD.

Package include
1 x Main Speaker
2 x Sub Speakers
1 x Manual
1 x USB Cable",
c152fdbd-ec5d-431f-a34a-8f1158e64316,bc7e1546-674a-4106-8a9d-e439934c79cf,üá∏üá¨Bluetooth Speaker/ Colorful Light Display Ready Stock #Local Seller,1,0,5.0,1,2,$12.80,20 pieces available,Favorite (11),"Product Description: -Colorful light display -Bluetooth connection speaker -USB Drive reader speaker -TF Card reader speaker -FM Tuner mode 
 Specification: -Output Power- 5W -Speaker size- 2.25"" -Bluetooth distance- 10m -Battery capacity- 500mAh -Play time for 80% volume- 2 hours -Charging time- 3 hours -Accessories- 1 X Charging cable -Weight- 0.25kg 
",
119221dc-7356-4326-b693-df564e70bdc9,e0ac9033-7129-49ec-8158-9505dd80a3da,ùêïùêÖ ECCO 2 RGB USB Powered Speaker with Aux Line In,1,0,4.5,22,57,$10.00,20 pieces available,Favorite (150),"ECCO 2 RGB USB POWERED SPEAKER with Aux line, RGB Light trend design, twisting tuning as you like, relaxing and dancing with the song, you deserve to have. 
 Total output power:24W Pure output power (RMS):12W Speaker unit:3"" + 2""x2 Frequency response:60Hz-20KHz Power Supply: USB 5V/1A Subwoofer size:W99xD126xH150mm Satellite size: W67xD65XH85MM Nett Weight: 0.700kg",
891cba55-5260-4908-97bf-5d6e466ff3d8,061b041a-1089-43e7-a0b9-78b9ec728502,portable speaker Sound Machine Smart Light Atmosphere Lamp Bluetooth Speaker with Wireless Charger Sunrise Alarm Clock 49P2,1,0,3.0,1,1,$7.02 - $31.86,20 pieces available,Favorite (6),"„ÄêWELCOME TO KHUANKO„Äë
We specialize in mobile phone accessories, computer accessories, 3C electronic products

‚úîÔ∏èAll products in the store are carefully selected
‚úîÔ∏èClean and Simple Ziplock Bag as pacakge, NO Retailed Paper Box
‚úîÔ∏èwe have checked the quality of the products again before shipping
‚úîÔ∏èAll products in this shop are in stock
‚úîÔ∏èyour order will be shipped within 1- 2 days
‚úîÔ∏èFREE Shipping Fee coupon is available to used in our shop
‚úîÔ∏èPlease follow us to get a following Voucher before buying

If you like our products, please follow us and join our fan group, so that you can see the latest and best products we give you in time

‚úÖIf there is a problem with product, please contact the customer service as soon as you receive the package. We will do our best to solve the problem for you.
‚ùåA negative review will not help solve the problem! Thanks!

„ÄêKey Words„Äë
#cod #highquality #bestseller #speaker",https://down-sg.img.susercontent.com/file/sg-11134201-7qvdp-ljp8ro60dxm3d6_tn
2432b676-5e5f-4d98-af58-f09102c2ecb1,1e2dcecf-c3b1-4af0-a687-3b565af66e45,SADA Computer Speaker S-96 USB Wired Bar Stereo Subwoofer Music Player Bass Surround Sound Box 3.5mm Audio Input,1,0,4.6,5,13,$15.90 - $24.90,20 pieces available,Favorite (27),"‚≠êÔ∏è‚≠êÔ∏è‚≠êÔ∏èSada S96‚≠êÔ∏è‚≠êÔ∏è‚≠êÔ∏è Soundbar speaker It can be used in a variety of devices, including PC / Smartphone / Laptop and others. It is a speaker that has a modern, simple shape with a size that is not large, saving space. Can be set anywhere, comes with gradient RGB lighting, adding atmosphere to playing games, listening to music or watching movies, 12 months product warranty 
 ‚≠êÔ∏è‚≠êÔ∏è‚≠êÔ∏è Features ‚≠êÔ∏è‚≠êÔ∏è‚≠êÔ∏è ‚ù§Ô∏è Soundbar speaker ‚ù§Ô∏è works on many devices ‚ù§Ô∏è Simple, elegant shape ‚ù§Ô∏è There is a gradient RGB light. ‚ù§Ô∏è Small size, save space. ‚ù§Ô∏è Suitable for watching movies, listening to music ‚ù§Ô∏è 12 months product warranty 
 ‚≠êÔ∏è‚≠êÔ∏è‚≠êÔ∏èProduct Includes‚≠êÔ∏è‚≠êÔ∏è‚≠êÔ∏è ‚úîÔ∏è1 x Sada S96 Speaker with RGB ‚úîÔ∏è1 x User Manual 
 We sells 100% genuine products. Guarantee that the product is broken. Change the new one immediately. Fast delivery from Singapore Every product at the store has stock, no need to wait for many days. 
 Models:  1. Standard - No BT  ‚≠êÔ∏è USB POWERED  ‚≠êÔ∏è 3.5MM INPUT JACK  ‚≠êÔ∏è ADJUSTABLE LED  ‚≠êÔ∏è NO BLUETOOTH 
 2. Standard - With BT  ‚≠êÔ∏è USB POWERED  ‚≠êÔ∏è 3.5MM INPUT JACK  ‚≠êÔ∏è ADJUSTABLE LED  ‚≠êÔ∏è BLUETOOTH  ‚≠êÔ∏è KNOB TO ADJUST VOLUME AND ENTERING BT/AUX MODE 
 3. Elegance- With BT  ‚≠êÔ∏è USB POWERED  ‚≠êÔ∏è USB SOUND  ‚≠êÔ∏è ADJUSTABLE LED  ‚≠êÔ∏è BLUETOOTH  ‚≠êÔ∏è KNOB TO ADJUST VOLUME AND ENTERING BT/AUX MODE 
 4. Supreme Elegance- With BT  ‚≠êÔ∏è BUILT IN BATTERY (20,000MAH)  ‚≠êÔ∏è SUPPORT AUX/BT/USB/TF/MICRO SD CARD INPUT  ‚≠êÔ∏è ADJUSTABLE LED  ‚≠êÔ∏è BLUETOOTH  ‚≠êÔ∏è BUILT IN MIC 
",https://down-sg.img.susercontent.com/file/sg-11134201-23010-cvz4upl7btlv51_tn
e23f714e-2da9-4102-a34c-240b6920f2e9,97b52a26-da85-41b6-a79e-de4bd5cd8c70,SonicGear Quatro 2 USB Speakers 2.0 Super Loud For Smartphones and PC,1,0,4.9,154,406,$15.90,7 pieces available,Favorite (234),"Welcome to SonicGear Official Store where we strive to provide our customers an array of products that satisfy demand for quality and efficiency. Buy our products from Shopee Mall in a worry-free manner as we guarantee 100% authenticity. Shopping can't get any easier than this, so start today! 
 Package Contains: - SonicGear Quatro 2 Speaker x1 
 Warranty Instructions:  - SonicGear 1 Years Limited Hardware Warranty - Register warranty at https://leapfroglobal.com/register - Product with no serial number provided, use Order ID on the platform for warranty claim purposes 
 Website: https://leapfroglobal.com/home/sonicgear Facebook: Sonicgear YouTube: Sonicgear #SonicGear #Speaker #USB #Quatro2 #2.0",
cbfb2b72-0dcb-4518-a5ac-3f9c1bb7b059,896beafd-d121-464a-9fc6-56c516c6c361,Ship in 24h > Wireless XTREME 3 Bluetooth Speaker Portable Waterproof Column Super Bass Stereo IP67 waterproof,1,0,4.5,8,15,$26.80,7 pieces available,Favorite (19),"‚ñ∂Ô∏èUnleash powerful sound everywhere.
Poolside. Picnics. Just hanging out. Music makes the party. The JBL Xtreme 3 portable Bluetooth speaker effortlessly delivers massive JBL Original Pro Sound. With four drivers and two pumping JBL Bass Radiators, the powerful sound draws everybody in, and with PartyBoost, you can connect multiple JBL PartyBoost-enabled speakers to take things to the next level. A little rain might spoil your fun, but the waterproof and dustproof Xtreme 3 won‚Äôt mind at all, and the convenient carrying strap with built-in bottle opener makes it a breeze to move the party indoors. The JBL Xtreme 3 makes a big splash wherever you go.


‚ñ∂Ô∏èTechnical Specifications:
General specification
Model No.: Xtreme 3
Transducers: 2 x 70mm woofer/2 x 2.75"", 2 x 20mm tweeter/2 x 0.75""
Rated output power: 2 x 25W RMS woofer + 2 x 25W RMS tweeter (AC power mode)
Power input: 5V/9V/12V/15V/20V, 3A
Frequency response: 53.5Hz ‚Äì 20kHz
Signal-to-noise ratio: > 80dB
Battery type: Li-ion 36.3Wh
Battery charge time: 2.5 hours (20V/3A input)
Music play time: up to 15 hours (dependent on volume level and audio content)
Massive JBL Original Pro Sound
15 Hours of Playtime
IP67 waterproof and dustproof
Wireless Bluetooth Streaming
Crank up the fun with PartyBoost
Carry it anywhere
Power up with the built-in powerbank


‚ñ∂Ô∏èUSB specification:
USB-A output: 5V/2.0A (maximum)
USB-C output: 5V/1.5A (maximum)
Total 2.5A maximum for USB-A & USB-C


‚ñ∂Ô∏èDimensions:
Dimensions (W x H x D): 298.5 x 136 x 134mm / 11.75"" x 5.35"" x 5.28""
Weight: 1.968kg / 4.339 lbs",https://down-sg.img.susercontent.com/file/sg-11134201-7qvfj-lgum6rjb2fc351_tn
dc8448a6-0710-4ed5-a590-754d2911c1c0,5b4090a5-3c17-47b7-8177-eaee2a765757,"Mini PC Speakers - 7 Colour Options, Laptop Compact Stereo USB Powered Computer speaker, home desktop small speaker",1,0,4.9,39,72,$10.90,7 pieces available,Favorite (34),"Mini PC Speakers - 7 Colour Options, Laptop Compact Stereo USB Powered Computer speaker, home desktop small speaker, Notebook audio household and Office wired speaker, subwoofer mobile phone HIFI Bass 3.5mm. Black, White, Green, Blue, Pink, Gold, Chrome.

üá∏üá¨  Why buy from us?
üîπ  We are an Established Reputable Local Business with Physical Retail Store!
üîπ  Drop by our Paya Lebar store to view and purchase or ask any questions
üîπ  Delivery usually takes 1-2 working days

üîä Simple to set up
üîä Dual speakers, full-range, high-fidelity speakers for true-to-life live sound.
üîä Audio Circuit Technology + Physical Acoustic Pressure Resonance Design provides powerful support with powerful bass and powerful stereo.
üîä USB port to supply power, and 3.5mm audio port; so the speakers works perfect with desktop computer notebooks, laptops, mobile phones MP3 MP4 and other multimedia devices.
üîä High quality material, ABS injection moulding.
üîä User-friendly volume adjustment, pulley design volume adjustment, convenient and easy to use.",
746d5a0b-a354-4e30-8b0e-2a9070722840,fbb10a8b-20ce-4a0f-a08b-06f268b1017d,"Blackdot Pancake Wireless Speakers With In-built Mic, Premium Audio, High Bass & Waterproof",1,0,4.9,478,1.2k,$39.99,7 pieces available,Favorite (1k),"Blackdot is a Singapore brand providing futuristic and unique model electronic products to customers. 
 Blackdot Pancake Wireless Speakers are one of the most anticipated releases of this year from Blackdot. With premium sound quality,  6 to 10 hours of music time, and ultra-portability, these speakers will amaze you. 
 Blackdot Pancake Speakers are Waterproof and dustproof with an IP67 rate. The super durable exterior and multiway lanyard make this speaker ready for just about anything. Hang it from your backpack or on your wrist or even from a parasol when you‚Äôre outdoor.  Take it to the pool, river, or park, and you can listen to your music while you and your friends enjoy the outings. 
 ‚úÖProduct specification and features Model: Pancake Speaker Bluetooth: 5.0+EDR compliant Compatible devices: Phones, tablets, iPad, Laptops, PCs Hands-free calling: Supported Speaker: D52mm 4Œ© 5W*1 Built-in Microphone: Yes Stereo Mode: Supported Communication: Bluetooth & Aux Working Range: 10 to 15m Aux in: 3.5mm Waterproof: Yes, IP67 rated Battery: 800 mAh Playtime: 6 to 10 Hours(Depends on usage) Charging Time: 2 HourS Product Weight: 185g High-End SNR: >95dB Frequency Range: 100Hz-20000Hz 
 
 ‚úÖWhat is inside the box 1x Pancake Speaker 1x User Manual 1x AUX Cable 1x Micro USB to Type C Converter 1x Micro USB Charging Cable 
 ‚úÖWarranty/Return Policy 
 Blackdot Pancake Wireless Speakers have a warranty of 1 year. Physical damages caused by the user will not be considered for warranty or replacement. For replacement or refund, the item must be returned to us(We will not pay for the return). You can arrange a meetup or post the item back to us. We are 24/7 available and feel free to contact us at any time. 
 #Speakers #WirelessSpeakers #Blackdot",
3641f63e-893e-49b1-9df2-d910fe5dede7,f14a9a11-89eb-46c8-86ce-1ff372833da6,Marshall Emberton Bluetooth Portable Speaker,1,0,4.0,4,9,$27.29,7 pieces available,Favorite (20),"We have the highest service attitude. best product quality and the best price!!!

EMBERTON

The EMBERTON is a portable speaker that delivers the loudness and clarity that only Marshall can deliver to you. 360 degrees to make every area of ‚Äã‚Äãyour home a space where you can immerse yourself in music. It comes with a long run time of 10+ hours so you can enjoy endless Marshall's superior sound quality. Weighing just 0.7 kg, this lightweight portable speaker is strong and durable. Outstanding in terms of high durability and user-friendly design making it suitable for every occasion It also has an IPX7 waterproof rating, meaning the EMBERTON can be submerged in water up to 1 meter for up to 30 minutes. The iconic Marshall font on the front also reflects the classic rock 'n' roll era that many people know and love.

- Unique excellent sound quality

Delivering powerful, clear, and booming sound like it was heard from the artist himself, Emberton uses Marshall's signature True Stereophonic surround sound system to give you a 360-degree sound experience that will wow any space in your home. You are the space where you can immerse yourself in the music. By separating spatial content from stereo recordings, the Emberton delivers superb sound quality beyond its size. and has a system that is outstanding than other speakers in the same level What's more, the speaker's custom-tuned audio complements the surround sound system. Delivering superbly clear and powerful sound across all frequencies.

- Works for more than 10+ hours

Lasts up to 10+ hours of portable use on a single charge. with compact size and durability This makes it ideal to take with you wherever you go. Plus, the Emberton charges quickly.


- Safe design to take anywhere with IPX7 rating.

Emberton is strong and durable. With a silicone exterior and front grille well made of metal This makes this speaker stand out in terms of high durability and user-friendly design. And an IPX7 waterproof rating means that the Emberton can be submerged in water up to 1 meter deep for up to 30 minutes.

- Control multiple commands in one button.

Emberton's system is simple and easy to use. Just use it through the control buttons, multiple commands in one button. You can play, pause, skip, and adjust volume. Including turning on or off the speaker is just this button.

- Convenience to carry

The Emberton weighs just 0.4 kg and fits in the palm of your hand. Perfect to take with you wherever you go, this speaker's durable silicone exterior and IPX7 waterproof rating. Make it the perfect companion to be your long-distance companion.


- Connect with Bluetooth

Emberton comes with Bluetooth 5.0 technology for easy connection, high quality sound. and supports wireless music playback Music can be played through any Bluetooth-enabled device within a radius of 10 meters.


- Unique Marshall design

Emberton combines cutting-edge technology with Marshall's signature design, creating a speaker that stays true to the c",
48d4711b-11c7-4137-898f-e3b02ed5328c,c13cf582-7f9e-4e2f-a051-547fd4b9f9ae,MARSHALL EMBERTON Wireless Bluetooth Speaker Portable Surround Stereo Subwoofer-24h Ship,1,0,5.0,1,4,$27.29 - $69.77,7 pieces available,Favorite (9),"Product Features: 1. SUPERIOR SIGNATURE SOUND: Sound that is rich, clear and loud, like the artist intended. Experience absolute 360¬∞ sound with True Stereophonic, a unique form of multi-directional sound from Marshall ‚Äì where every spot is a sweet spot 
 2. 20+ HOURS OF PORTABLE PLAYTIME: Emberton offers 20+ hours of portable playtime on a single charge 
 3. ROADWORTHY IP67-RATED DESIGN: Tough and resilient, boasting an extremely durable IP67 dust- and water-resistance rating 
 4. PAIR, PLAY AND BRING THE LOUD: Emberton won‚Äôt slow you down with a lengthy set-up ‚Äì pair, play and let the good times roll 
 Product Specifications: 
 ‚óã Bluetooth 5.0 
 ‚óã Distansya ng Bluetooth: 10 m / 30 ft. 
 ‚óã tuktok control panel 
 Packing list: 
 Marshall Emberton Speaker *1",https://down-sg.img.susercontent.com/file/sg-11134201-7qvd1-ljz8yqwnkyon7b_tn
3f6227bf-d5d3-4c14-a898-ad3564ca7e76,6751104c-8c1f-49e2-a2b4-9cf02d56543f,JBL Audio Original JBL Go 3 Portable Bluetooth Speaker Powerful Bass Subwoofers Mini Wireless Speaker Party speaker JBL GO3,1,0,3.9,7,12,$6.71 - $17.18,7 pieces available,Favorite (17),"Input/Output : Aux Sound Mode : Stereo Sound Mode,Standard Mode Category : Speakers Use : Stage Input Power(W) :",https://down-sg.img.susercontent.com/file/sg-11134201-7qvfk-limgllmwplyr94_tn
0a7bb5c9-9d34-4c76-b51e-7d04e9de028e,b26048be-0072-4e5a-a851-eb79f078d6a7,Portable Bluetooth Speaker 20w Wireless Bass Column Waterproof Outdoor USB Speakers Support AUX TF Subwoofer Loudspeaker TG117,1,0,4.7,272,605,$16.52,7 pieces available,Favorite (348),"Feature:
1. Brand new and high quality.
2. Mesh cover for protect speaker from water, dust, shock.
3. IPX5 waterproof, dustproof, shockproof.
4. 5W*2 big power with two bass diaphragms on each side, vibrate when playing music.
5. Cylindrical shape and built-in left and right channel offer 360¬∞ stereo.
6. Call function, noise canceling microphone makes you answer calls without reaching your phone.
7. FM receiver makes you listen to the radio freely.
8. Support MP3, WMA, WAV, FLAC, APE format music files.
9. Support TF Card or misro SD Card up to 32G, support USB 2.0 Disk.
10. Support USB flash disk plug and play.
11. Support external MP3 / MP4 / computer and other audio input function (AUXÔºâ
12. Easy button control, you can press buttons to turn on/off, play/pause, switch mode, skip songs, adjust volume etc.
13. Bluetooth 5.0, fast connection and stable signal, compatible with all Bluetooth devices.
14. 1200 mAh battery for up to 10 hours of playtime at 2/3 volume on a full charge.
15. It's not only a bluetooth speaker, but also a radio, a wired speaker, a bass boom box.
 
Specification 
Bluetooth version: 5.0
Bluetooth distance: <33Ft
Support: FM, TF card input, U disk input, 3.5mm audio input
Extended memory: 32G(Not included)
Battery capacity: 1200mAh
Charging Time: 2-3 hours
Listening/Talking time: 6-8 hours
Waterproof level: IPX5
Charging parameters: 5V
Support music format: MP3, wav, wma, FLAC, APE
Frequency response: 70Hz-20KHz
Signal to noise ratio: ‚âß95dB
Distortion rate: <0.5%
Material: ABS, mesh
Color: Black, Blue, Red, Green, Camouflage

Package List:
Portable Bluetooth Speaker*1
USB Cable*1
Audio Cable*1
User Manual*1",
cb316a82-9106-466d-8928-985feddecc04,f5c98ece-a617-4871-9ddf-203d456af25e,JBL GO 2 Waterproof Portable Bluetooth Speaker  + $10 Fairprice Voucher,1,0,4.9,1.6k,3.4k,$45.00 - $69.90,7 pieces available,Favorite (2.4k),"Grab and go.
The JBL GO 2 is a full-featured waterproof Bluetooth speaker to take with you everywhere. Wirelessly stream music via Bluetooth for up to 5 hours of continuous JBL quality sound. Making a splash with its new IPX7 waterproof design, GO 2 gives music lovers the opportunity to bring their speaker poolside, or to the beach. GO 2 also offers crystal clear phone call experience with its built-in noise-cancelling speake phone. Crafted in a compact design with 12 eye-catching colors to choose from, GO 2 instantly raises your style profile to all-new levels.

Technical specifications:
Bluetooth version: 4.1
Support: A2DP V1.2, AVRCP V1.5, HFP V1.5, HSP V1.2
Transducer: 1 x 40mm
Output power: 3.1W RMS
Frequency response: 180Hz ‚Äì 20kHz
Signal-to-noise ratio: 80dB
Battery type: Lithium-ion polymer (3.7V, 730mAh)
Battery charge time: 2.5 hours
Music playing time: up to 5 hours (varies by volume level and audio content)
Dimensions (H x W x D): 71.2 x 86.0 x 31.6 (mm)
Weight: 184g
Bluetooth transmitter power: 0-4dBm
Bluetooth transmitter frequency: 2.402‚Äì2.480GHz
Bluetooth transmitter modulation: GFSK/DQPSK/8DPSK

Features
Wireless Bluetooth streaming
5 hours of playtime
Waterproof design
Speakerphone
Audio cable input

What‚Äôs in the box:
1 x JBL GO 2 waterproof Bluetooth speaker
1 x Micro USB cable for charging
1 x Quick-start Guide",
254dfda9-a5c0-42d6-b6e4-50236b954f63,77020e1c-ee0a-4b72-ae2b-dcba5c600418,Vocoal Mini Bluetooth Speaker Portable Speaker Wireless Bluetooth Speaker with Microphone Stereo Sound Wireless Portable Audio with Alarm Clock,1,0,4.4,36,88,$15.49,9 pieces available,Favorite (92),"üåπ Vocoal Singapore Flagship Store:
‚úÖ Brand: Vocoal
‚úÖ 100% Stock Ready, Ship in 24 Hours
‚úÖ Ship from Singapore, 2~5 Days Delivered
‚úÖ 3 Months Local Supplier Warranty
‚úÖ Vocoal‚òú ‚òú Click Store Link to Have More Products
(Bags, Lights, Sunglasses, Toys etc.)‚ù§‚ù§‚ù§

üíñ Product Description:
‚ñ∫Impressive 360 ¬∞ Loud SoundÔºöThis portable Bluetooth speaker has impressive high volume, built-in 20mm 5W drivers produce crystal clear sound and enhanced bass without distortion even at the highest volume.
‚ñ∫Long Playtime, Fast Charging: Built-in 2000mAh high-performance lithium battery, enjoy 18 hours of music at 50% volume, if you play it 1-2 hours a day at medium volume, no need to charge on 2 weeks, up to two times longer than similar sized portable speakers. Recharges in just 4 hours with the included micro USB cable.
‚ñ∫LED Flash Light ShowÔºöColorful LED flash light to adjust the mood. Rhythmic breathing light, combined with the rhythm of music, creates an atmosphere for life and makes youth full of vitality.
‚ñ∫Bluetooth 5.0 speaker: The Bluetooth Speaker promises to provide you with a smooth and consistent music experience, connecting via Bluetooth in seconds to iPhone, iPad, smartphones, tablets, Windows, and other Bluetooth devices. Mini size to take anywhere, a portable storage sleeve is provided. It is convenient to carry it for outdoor adventures such as camping, hiking or cycling.
üì¶ Package Include:1 x Wireless Speaker, 1 x Charging Cable, 1 x Manual ",
82e3a139-e4fc-4ad0-babe-d61cb79ab645,e49d652a-78a6-4ad6-a666-caa769167e33,Portable Wireless Bluetooth Speaker Metal HiFi TWS  Loudly Waterproof Mini Speaker Wireless Speaker Small Bluetooth Spea,1,0,4.9,203,587,$6.45 - $6.47,9 pieces available,Favorite (264),"„ÄêWELCOME TO KHUANKO„Äë
We specialize in mobile phone accessories, computer accessories, 3C electronic products

‚úîÔ∏èAll products in the store are carefully selected
‚úîÔ∏èClean and Simple Ziplock Bag as pacakge, NO Retailed Paper Box
‚úîÔ∏èwe have checked the quality of the products again before shipping
‚úîÔ∏èAll products in this shop are in stock
‚úîÔ∏èyour order will be shipped within 1- 2 days
‚úîÔ∏èFREE Shipping Fee coupon is available to used in our shop
‚úîÔ∏èPlease follow us to get a following Voucher before buying

üö© Remark : If you want Dual Speakers Effects as photo display, please buy 2 speakers. 

„ÄêSpecification„Äë
Dimensions : 34mm x 28.5mm
Net Weight : 33g
speaker Parameter : 4Œ© 3W
Frequency Response Ôºö 20Hz - 20KHz
Battery Capacity : 200mAh
Battery Charging Voltage : 5V
Playback Time : 40 - 50 minutes (in MAX volume)
Battery Charging Time : 1 - 1.5 Hours
Compliant : Bluetooth V5.0

„ÄêItems included„Äë:
- Mini speaker 3W with Bluetooth Function x 1
- Micro-USB cable x 1

Dual Pairing Function - It is available to use 1 mobile phone to control 2 mini speakers at the same time.
Manual Steps :
1 ) Long press the ON/OFF button of 2 mini speakers, then 2 mini speakers are in standby status.
2 ) take 1 standby speaker as main one, double quick click ON/OFF button, you will hear a voice , then 2 speakers are connecting.
3 ) Open the bluetooth of your mobile phone and connect the ""MT"" as usual , then you can control 2 speakers at the same time.

If you find that the received item comes with any issues, please contact us directly, We will try all our best to solve it. You are always our priority.

üö©Please CHOOSE THE CORRECT variation so we can avoid mistakes
üö©Strictly NO CANCELLATION once the order is confirmed.

üòÑ Please leave us a positive feedback with 5 STARS, If you are satisfied with our product and service. Your feedback will be highly appreciated. üòÑ

„ÄêKey Words„Äë
#speaker #bluetooth #bluetoothspeaker #cod #wireless #portable #mini #highquality #charge #freemic #music",https://down-sg.img.susercontent.com/file/39b836e7ea987b39141e5d0bc185ffda_tn
f8bc4389-b7dc-48a4-ba43-b0dc63a2cdcd,59820391-c480-4111-b2f4-a1aaca35b968,(Original) Logitech Z120 S150 USB 2.0 Powered Stereo Speakers 980-000514 980-000028 1 Year Sg Warranty,1,0,4.9,671,1.9k,$16.99,3449 pieces available,Favorite (557),"- Brand New Set - 1 Year Singapore Warranty 
 [ LOGITECH Z120 ] USB POWERED STEREO SPEAKERS These compact speakers are conveniently powered by USB and simple to set up, making them easy to move from one room to another. 
 USB POWERED Connect to a USB port for power and the 3.5mm input for audio. This compact design is simple to setup and easy to move around. 
 CABLE MANAGEMENT Adjust the length of the cords via the cable management solution on the back of the speakers. 
 EASY CONTROLS Easily access power and volume from a single knob on the right speaker. 
 DIMENSIONS Height x Width x Depth: 110 mm x 90 mm x 88 mm Weight: .25 Kg 
 SYSTEM REQUIREMENTS USB port for power Headphone jack (3.5 mm) on device for audio 
 TECHNICAL SPECIFICATIONS Total Watt (RMS): 1.2 W 
 3.5 mm input: 1 
 USB cable for power: 1 
 Controls Power and volume controls on right speaker 
 PACKAGE CONTENTS Two speakers User documentation 
",
6a3932bd-1a6e-41f6-a1e2-88ae02e02c1d,c738ea60-48da-46a2-a342-483624bb36da,G2  Wireless Bluetooth Speaker Outdoor Portable Redio Outdoor Waterproof Speaker Loudspeaker Deep Bass Sound Music Box Subwoofer Radio Support TF Card MP3 With Mic For Xiaomi Samsung All Phones,1,0,4.4,85,430,$5.38,3449 pieces available,Favorite (95)," Welcome to Our Storeüî•üî•üî• ‚ùó‚ùó‚ùóIf you ""Follow"" the store right now, you'll get amazing coupons !üéÅüéÅüéÅ 
 
 üíåNoticeüíå üöÄ[Delivery time] All products are in stock. If you are interested, please place an order and pay, we will ship as soon as possible within 48 hours üíØ[100% Quality Inspection] Before all products are shipped, we will check the quality of the products, please don't worry üåπ[Price] The price of the product is very favorable. If you buy 5 or more products, please contact our customer service, we will give you the best discount üìå[Tips] After a long time of transportation, the product may appear low power or turn off, please charge the speaker before use üìû[Package Issue] After receiving the package, please check the product quantity and quality as soon as possible. If you have any questions, please let us know before leaving any comments and we will help you as soon as possible 
 
 ‚≠êProduct features‚≠ê üëâSupport bluetooth connection to play music/audio, you can control the file up/down, volume and volume in the music player by the speaker, and you can transmit sound when playing games and watching movies üëâThe speaker is equipped with a call microphone. After connecting to Bluetooth, you can answer incoming calls hands-free. üëâDigital MP3 player: support U disk, TF card, no need to switch, automatically read audio file playback after inserting TF card/U disk üëâWith radio function, FM high-sensitivity stereo digital reception function üëâUsing 3W*1 speakers, combined with scientific acoustic structure design üëâAdopt enhanced digital power amplifier IC, low power consumption, high power, strong, loud and clear sound 
 
 üìêProduct Specificationsüìê [Product Type] Bluetooth Speaker [Product material] Plastic + Cloth Mesh [Bluetooth version] V4.1 [Product weight] 85g [Music time] About 2-3 h [Battery capacity] 300mAh [Connection limit] 10 M [Charging interface] USB Interface [Compatible Devices]Compatible with all smartphone, laptops and other Bluetooth devices 
 üì¶ Packaging list üì¶ 1* Bluetooth Speaker 1* USB Charging Cable",https://down-sg.img.susercontent.com/file/47ab7a42067e3cef5d64b58af4cbda5e_tn
6c38ad1f-097a-466f-9447-53a35e5e6fe6,7df728c3-2ca6-48f6-941d-381c0e8339b9,2023 PC Sound Bar USB Wired and Wireless Bluetooth Speaker Home Theater Surround Extra Bass PC Speaker,1,0,4.6,46,96,$25.90 - $29.90,3449 pieces available,Favorite (146),"LED Light
Simple design, LED light makes it fasion, besides,  you can turn off if not needed.
 
2.1 Channel Soundbar
with 2x 3w full-range speakers , output surround sound for all your movies, music and TV shows, Enjoy 97 dB of room filling, crystal clear sound with less than 1% total harmonic distortion
 
Independent Heavy Bass Unit
With Independent Bass Unit, full-bodied stereo sound with enhanced bass and powerful volume.
 
Wired and Wireless
Support wireless Bluetooth 5.0, supply optical cable and AUX cable for wired connection
 
Support External Mic And Headphones
Plug headphone and mic, you can play video games or talking to other by voice call or video call.
 
Volume Control
Rotate the button in the middle clockwise or counterclockwise to adjust the volume.
 
All compatible
With built-in subwoofer provides powerful bass, enhance home-audio systems, great for small environments, suit for Bluetooth TVs including Samsung, Vizio, TCL, LG, Sharp, Philips, Sony, Xiaomi and many more TVs and cellphones,computer, laptop etc.
 
Package List
1 * Speaker
1 * Bass Speaker
1 * User Manual
1 * Charge Cable

Model:
a) Standard : Non Bluetooth
b) Elegance : Bluetooth",
33fcb712-6784-4c38-958c-a182d43b5f9d,9f59f4b8-a9be-43a8-b442-c721e21da450,SADA Bluetooth USB Wired Powerful Computer Speaker TV Sound Bar Stereo Subwoofer Bass speaker Surround Box for PC Laptop,1,0,4.7,367,762,$13.99 - $18.50,3449 pieces available,Favorite (415),"Features:

1. 9D Stereo Sound: With 360-degree surround sound quality, 2 speakers and 2 air ducts, 4 units of sound, 4D stereo volume, you can enjoy cinema level experience, and high-quality sound quality.
2. Ice Flame Lighting: The cool blue light is full of metallic feel, simple line design, and a good-looking shell makes everyday listening to songs become an art.
3. Easy to Use: The sound bar is powered by USB (5V), with 3.5mm plug and play function, no additional software is required. Just connect it to a 5V power supply and connect a 3.5mm plug to the device, turn up the volume and enjoy.
4. Extraordinary Sound Quality: Use 30-degree tilt technology to reduce the trouble of vibration, the low frequency is more delicate, the treble is clear and the bass is powerful and powerful, life is better, and the possibility of enjoying music is unlimited.
5. Wide Compatibility: The sound bar supports most devices with standard 3.5mm jacks. Compatible with PC, computer, laptop, tablet, smart phone. (Note: USB power supply is required).

Specifications:
Name: USB Computer Desktop Audio
Model: V-111
Colour: Black/White
Output power: 3W
Power supply: USB
Connection method: AUX 3.5MM audio jack
Frequency: 30HZ~15KHZ
Number of speakers: 2
Channel: 2.0
Lighting: support
Separation: 35DB
Signal to noise ratio: 65DB
Voltage: DC5V-600mA
Shell material: plastic
Packing size: about 337*90*70 mm/13.27*3.54*2.76in
Gross weight: about 0.51KG

Type: 
Classic: No Bluetooth
Elegance : With Bluetooth

Packing List:
1*Computer Speaker
1*Instruction",https://down-sg.img.susercontent.com/file/00d028a4f182886b9b2ca368126138cf_tn
fa5550a0-8bd0-4342-a5a5-7a1d32560742,b7b2c264-6075-4916-8d7d-97f885a90ee4,"ZEALOT S32 Mini Portable HIFI Subwoofer TWS Bluetooth Speaker with Fm Radio Wireless Speaker Column Support TF Card,U Disk",1,0,4.9,441,827,$19.98,3449 pieces available,Favorite (520),"Product Features:
1. Bluetooth:  5.0
2. Battery: 2000mAh
3. Loudspeaker: 4 Œ©, 5W
4. Transmission Range: 10m
5. Product Size: 7.5cmx7.5cmx12.5cm
6.  Product Weight: 320g
7. Music Play Time:  4-6 hours
8. Talk Time:  6 hours
9. Charge Time:  3 hours
10. Standby Time: 30 days
11. Compatible with: iPhones, Android Phones, iPads

Packaging List:
1 x Zealot S32 bluetooth speaker
1 x charging cable
1 x user manual

#Zealot #Portable #Speaker #Bluetooth #Wireless #Mini #Subwoofer #FMRadio #Memorycard #TWS",https://down-sg.img.susercontent.com/file/d41595eb0746168109b0c659cd6a6f14_tn
c16df39d-939a-41ea-ada0-3096c936b704,1ede3fdf-7657-4120-a0f2-be10f8c66441,üá∏üá¨[SG Stock] Bluetooth Speaker Vintage Retro Music Box Type Built-in Stereo Wireless HIFI Aux Support Portable,1,0,5.0,30,89,$28.41,3449 pieces available,Favorite (347),"Description:
- This speaker is designed with turntable style, the dial is designed with plated craft and CD grains, decorating your home elegant.

- When playing music, the vinyl turntable will rotate at a constant speed, making your life a sense of ceremony.

- This vinyl speaker supports bluetooth, TF card and Aux audio playing, and you can charge it with USB cable, meeting your different kinds of needs.

- This bluetooth record player adapts digital noise reduction chip to reduce noise when playing, and the bass diaphragm design could restore the voice, providing you with clear and stereo sound.

- The advanced bluetooth V5.0 technology provides you with quick and stable connection, you can enjoy the pleasure of wireless music, and it can work for 5-10 hours constantly.

Specification:
Material: ABS, Aluminium Alloy
Color: White, Pink, Green
Size: 112.4mm x 105mm x 57mm
Battery: Built-in 1000mAh
Connection way: Bluetooth V5.0
Bluetooth name: X10
Frequency response range: 60Hz-15KHz
Output: 5W
Playing time: 5-10 hours
Effect distance: 10m
Playing mode: Bluetooth, TF card, AUX

Package included:
- 1 x Bluetooth speaker
- 1 x USB cable
- 1 x User Manual

üööDELIVERYÔºö
1. We will send out within 2 working days after placing the order.

üì£NOTICE: 
1. Please allow 1-2cm of variances due to manual measurements.
2. Colour variations in devices or monitor screens may not reflect actual product colour.

üî∫FEEDBACK:     
1. If you have any problem with your order, please contact us, we will try our best to provide satisfactory solution ASAP.  
2. Product carton maybe out of shape due to shipment handling but the item is in good condition.
3. There maybe slow reply outside office hours. Thank you for your patience as we will reply at our earliest availability.

Thank you for shopping with us. ",https://down-sg.img.susercontent.com/file/102888f2c117b7cb0ef68eb638427c42_tn
42e517c9-0976-4a0d-b226-e4dffb7de63d,a4462e03-600b-466d-bf45-51eeec5de081,Mini GO 3 Wireless Bluetooth Speaker HIFI Stereo Portable Subwoofer Waterproof,1,0,5.0,1,6,$6.48,3449 pieces available,Favorite (4),"Product description. 
 Material: metal Crossover: Full-range Waterproof: No Communication: AUX Type: Subwoofer Number of channels: 1 Voice control: No Input power (watt): 25W Codec: AAC Support Apt-X : No Control : Volume control Bluetooth version : 5.0 Built-in Microphone : No 
 Product Specifications . Size : 34mmx30mm Color : Red, Gold, Black, Silver, Blue Playback time : 2-3h Material: metal + ABS 
 Packing list. 1* charging cable 1* Mini Speaker 
 
",
189d2d31-6bf7-4db2-ab25-b78143391085,f21f26b2-2530-404c-8547-e010b8862156,Retro Bluetooth Speaker Classical Subwoofer Speakers FM Radio Mini Music Player,1,0,4.7,177,456,$15.79,3449 pieces available,Favorite (658),"
 Tips: 
 How to use the FM mode? 
 1. When use FM mode, please plug the charging cable into the Micro usb port to increase signal reception.Ôºà!!!Key point!!!Ôºâ 
 2. Long press the middle switch button to tum on the speaker. Then double-click the middle play button to enter FM mode. 
 3. After entering FM mode, you can switch channels through the buttons on the left and right. You can also one click the middle play button again to enter the automatic channel search. (Note.When using the FM function, which is related to the local signal strength. It may be affected if the signal is weak. ) 
 
 Features: 1. Material: The shell is made of high-quality ABS and plating,safe, non-toxic and durable. 2. Exquisite appearance: Portable with its own handle, The appearance of the mini retro radio makes this Bluetooth speaker look interesting and cute. the shell adopts a matte spraying process, which has a delicate touch. 3. Power supply: This Bluetooth speaker uses a USB data cable (included) to charge. Fully charged state can be used continuously for 4 hours. But you can also use it while charging. 4. Strong anti-interference ability: Stable wireless transmission through high frequency to ensure stable and pure sound quality. 5. Answering calls: No matter in any playback mode, the Bluetooth speaker can answer calls with one-key hands-free. 6. Strong compatibility: Can be intelligently matched with most mobile phones, tablet computers, desktop computers and laptop computers on the market. 7. Occasions: It can be used at home or at parties, and its good sound quality gives people a sense of pleasure and can enliven the atmosphere very well. Can also be used as home furnishings, or as gifts for family and friends. 
 100% Brand new &amp; High quality Color: Beige, Vintage Green, Pink, Black, Sky Blue Material: ABS+UV plating Battery capacity: 3.7V 400mAh Speaker: 4Œ© 3W Effective distance: ‚â§10M Playing time: 2-4 hours (The playing time depends on the playing volumeÔºâ Charging time: ‚â§2H Response frequency range: 50HZ-18KHZ Function: Bluetooth connection playback, hands-free calling, TF card playback Input/Output: DC 5V 1A / DC 3.7V 3W Bare metal size: 7*11*5cm Color box: 7.5*13*7.5cm 
 Package includes: Bluetooth speaker * 1pc USB data cable * 1pc User manual * 1pc 
 Attention: As different computers display colors differently, the color of the actual item may vary slightly from the above images, thanks for your understanding.",https://down-sg.img.susercontent.com/file/sg-11134201-23030-l0zwzymq30nv24_tn
644def25-4f65-4579-bd1c-bc3a555c992f,862c586f-5e50-4744-8869-04733039ec88,Marshall Emberton Portable Speaker Bluetooth Speaker Wireless IPX7 Waterproof Sports Stereo Sound Outdoor Subwoofer,1,0,4.7,21,78,$89.99,3 pieces available,Favorite (189),"Welcome! „ÄêHOT Selling„Äë „ÄêSG Ready Stock„Äë „ÄêShip out within 24 hours„Äë ‚óè‚óè‚óè‚óè‚óè‚óè‚óè‚óè‚óè‚óè‚óè‚óè‚óè Audio Specifications: ‚Ä¢ FREQUENCY RESPONSE: 60 Hz ‚Äì 20 kHz ‚Ä¢ DRIVER TYPE: Dynamic ‚Ä¢ DRIVERS: Two 2"" 10 W full range Two passive radiators ‚Ä¢ STEREO/MONO: Stereo ‚Ä¢ MAXIMUM SOUND PRESSURE LEVEL: 87 dB SPL @ 1 m ‚Ä¢ CABINET PRINCIPLE: Sealed with passive radiator ‚Ä¢ POWER AMPLIFIERS: Two 10 W Class D amplifiers ‚óè‚óè‚óè‚óè‚óè‚óè‚óè‚óè‚óè‚óè‚óè‚óè‚óè Controls & Connectivity: ‚Ä¢ TOP PANEL CONTROLS:  Multi-directional control-knob: play/pause, skip track, volume control, on/off Bluetooth pairing button Battery indicator ‚Ä¢ BLUETOOTH RANGE: 10 m / 30 ft ‚Ä¢ WIRELESS CONNECTIVITY: Bluetooth 5.0 ‚óè‚óè‚óè‚óè‚óè‚óè‚óè‚óè‚óè‚óè‚óè‚óè‚óè Physical Unit: ‚Ä¢ DIMENSIONS: 68 x 160 x 76 mm 2.68 x 6.30 x 2.99 in ‚Ä¢ WEIGHT: 0.7 kg 24.6 oz ‚Ä¢ WATER RESISTANCE: IPX7 ‚óè‚óè‚óè‚óè‚óè‚óè‚óè‚óè‚óè‚óè‚óè‚óè‚óè - Unique excellent sound quality - Works for more than 10+ hours - Safe design to take anywhere with IPX7 rating. - Control multiple commands in one button. - Convenience to carry - Connect with Bluetooth ‚óè‚óè‚óè‚óè‚óè‚óè‚óè‚óè‚óè‚óè‚óè‚óè‚óè What's in the box? ‚úî Emberton speaker ‚úî User manual with legal and safety information ‚úî USB-C charging cable ‚óè‚óè‚óè‚óè‚óè‚óè‚óè‚óè‚óè‚óè‚óè‚óè‚óè ‚≠ê1. Door to door delivery. ‚≠ê(1) Delivery can be made throughout Singapore. ‚≠ê(2) If you need to change the address, you must operate on the platform before shipping. ‚óè‚óè‚óè‚óè‚óè‚óè‚óè‚óè‚óè‚óè‚óè‚óè‚óè",https://down-sg.img.susercontent.com/file/th-11134201-23030-iovw1rxf28nv82_tn
